bmprenta@123mail.cl
bvergarat*@hotmail.com
c.rahmer@vinatrespalacios.cl
cabbott@unifrutti.com
capchile@arcol.org
carlosolate@diezescobar.cl
carolinav@verywood.cl
caron@petromar.cl
carotene@norvitek.cl
carqperez@yahoo.es
carraminana@123.cl
carrasco@bycmarketing.cl
carrielnorte@carrielnorte.cl
cartimatalch@tie.cl
cartograf@terra.cl
carusso@adsl.tie.cl
cas@cas.cl
casa.matriz@entelchile.net
casa_garc?a2005@yahoo.es
casadelencendido@entelchile.net
casadelperno@terra.cl
casaflorida@tie.cl
casalaibe@entelchile.net
casamaricio@hotmail.com
casamatriz@asemet.cl
casamatriz@atacamaltda.cl
casamatriz@sanjorgeonlyne.cl
casasdeapalta@terra.cl
casatex948@yahoo.es
cascal@cascal.cl
casillaclub@123.cl
casmen@terra.cl
cassadi@epress.cl
castillohidalgo@castillohidalgo.cl
castro@tantauco.cl
castroycastro@123mail.cl
catalan.andy@hotmail.com
catalina.diaz@ecoflor.cl
catalina@hemisferio.cl
catalina@pacific-ocean.com
catherine.arenas@warnermusic.com
catherinescc@tecnochina.cl
catox@entelchile.net
catron@adsl.tie.cl
catv.recursoshumanos@vtr.net
cauchiplas@gmail.com
caucholas@entelchile.net
caval@chilesat.net
cavcons@surnet.cl
cayala@spanam.tie.cl
cazurita@aranedaandina.cl
cb_op10@hotmail.com
cb_seguridad@yahoo.com
cbabardic@tecnyca.cl
cbarahona@riopuelosa.cl
cbaraono@mitohurbano.cl
cbarra@lucas.cl
cbarriosu@gmail.com
cbernal@americaxxi.cl
cbriones@entel.cl
cbrizzi@centronuevo.cl
cburatovic@logisur.cl
cburton@adsl.tie.cl
cbustamante@jva.cl
cbz@combustibles.cl
cc.jlvp@terra.cl
ccabello@mainservice.cl
ccabrera@sla.cl
ccaceres@empresayg.com
ccaleman@ctcinternet.cl
ccampanario@prohens.com
ccampos@vzchile.cl
ccampusano@bellavista.cl
ccampusano@bellavita.cl
ccanales@ingemin.cl
ccanales@viverosanvicente.cl
ccarbone@ultragestion.cl
ccaris@rvg.cl
ccarrasco@gbusinessit.cl
ccarrera@leoncar.cl
ccarrillos@estructurashc.cl
ccarriso@jischile.cl
ccarvacho@comunicamasa.com
ccastro@bridgeenglish.cl
ccastrog@bkb.com
ccatalan@sitac.cl
ccavalla@terra.cl
ccdn@ctcinternet.cl
ccerpa@tecmedica.cl
ccespedes@magsa.cl
ccheuquec@mueblesyanet.cl
ccoggiola@entelchile.net
cconcha@raytel.cl
ccontadort@constructorajat.cl
ccontreras@deheeckeren.cl
ccosmo@delsur.cl
ccpl@man.net
ccusatto@entelchile.net
cdaly@123.cl
cdelgado@futuroverde.cl
cdessi@cablecolor.cl
cdiaz@copahue.cl
cdiaz@crvmaquinarias.cl
cdiaz@difrecalcine.cl
cdlalosangeles@123.cl
cdoarias@terra.cl
cdominguez@ti-ingenieria.cl
cduncker@aquatec-solutions.com
cdv@mana.cl
ceasalmon@gmail.com
cebal@din.cl
cecilia.concha@dimensionsa.cl
cecilia.gutierrez@ssya.cl
cecilia.jimenez@amecological.cl
cecilia.serpa@conekta.com
cecilia@pafer.cl
cecilia@pyramid.cl
ceciliaespinoza161@hotmail.com
cecinas@laalemana.cl
cecinasan@telsur.cl
cecinassanignacio@123mail.cl
cecisur@tie.cl
cede.alameda@cepech.cl
cedex@gmail.com
cefgl@terra.cl
cegin@vtr.net
cegraf@entelchile.net
ceguzman@donkiko.cl
celeccion@larinconada.cl
celectiongroupsa@gmail.com
celectro@ctcreuna.cl
celia@ecovida.cl
celso@digsilent.tie.cl
cely2119@123.cl
cemerino@adrchile.cl
cemiguebb@deltsur.cl
cempresarial@hispano.cl
cenfrupal@cenfrupal.cl
cenine@ctcinternet.cl
central.carrillon@gmail.com
central@havanatur.cl
central@ibros.cl
central@iccom.cl
central@tauern.cl
centralbasualto@123.cl
centralchllan@forestalsanantonio.cl
centralparabrisas4@entelchile.net
centraltranportescancura@gmail.com
centroarriendos@centroarriendos.tie.cl
centroclinicomilitar.iqq@terra.cl
centrodiali@vtr.net
centrodialisisiiem@adsl.tie.cl
centroma_@centromac.cl
centromedico@cmfarr.tie.cl
centrosermedial@entelchile.net
cepau@adsl.cl
cequim@cerquim.cl
cerartuke@hotmail.com
cerezos@cerezos.cl
cerices@ingeroc.com
cerigrafiahq@hqcdigital.cl
cerroplas@tie.cl
certasertumdte@gino.cl
certificacion.chile@dnv.com
cervant@ctcinternet.cl
cervicom_ltda@entelchile.net
cesar.calai@gmail.com
cesmal@hotmail.com
cespa@pie.cl
cespinoza@elsauquito.cl
cevasco@tie.cl
cfailla@tecnoperfiles.com
cfbfb@hotmail.com
cfeliu@comfeliu.cl
cfernandez@ingecor.cl
cficamastertec@entelchile.net
cflores@bonaparte.cl
cflores@empresasorion.cl
cflores@muzza.cl
cflores@teknos.cl
cflores@transam.cl
cft@andresbello.cl
cfuentes@capacitacchc.cl
cfuentes@ezhas.cl
cfuentes@unisan.cl
cg.concha@offitainers.cl
cgallardo@valledeatxondo.cl
cgallegos@byl.cl
cganz@cecinaslucio.cl
cgarcia@impirica.com
cgarcia@ingerproject.cl
cgardens@vtr.net
cgarrido@copaine.cl
cgbrisas@tnet.cl
cgeneral@prodemin.cl
cggallardo_iss@tie.cl
cghidalgo@alphaprint.cl
cgmarin@arboldecolor.cl
cgodoy@terra.cl
cgomez@cfccapital.cl
