andresr@ligaelsalto.cl
restbavaria743@hotmail.com
eventos@valenciana.cl
terramagistral.terramagistral@yahoo.es
patagoniarestobar@yahoo.com
nijocabe3108@hotmail.com
takuro.tomita@gmail.com
josevieira@albedrio.cl
j.abuhadbamussa@gmail.com
oikosmolina@gmail.com
paulina.alvarezf@gmail.com
lavaldiviana47@gmail.com
xcastro@fmachile.org
entreamigoscab01@gmail.com
josemiguel.arellano@gmail.com
ipineda@terminalpesquero.cl
lamaquina@sam.cl
laquintaeventos2.0@gmail.com
quinchodelavellanito@terra.cl
eve.veas.alfaro@gmail.com
jenny.farina@rubytuesday.cl
luissalas@tie.cl
dulceycafelagunillas@shotmail.com
claudia2474@yahoo.com.ar
alvaro@huilliche.cl
administracion@hoteldelrio.cl
entrecuerdasrestobar@gmail.com
pizzahotelnapoli@hotmail.com
giancris_32@hotmail.com
gaganora@yahoo.es
amcmoyano@yahoo.es
pieraconsuelo@yahoo.cl
gmarticorena@gmail.com
antofagastacentro@gmail.com
arrieroscolmbianossantiago@gmail.com
kim@asiaperu.cl
binxiang@vtr.net
casadcena@hotmail.com
carlosmanzur@gmail.com
asimon@cdr.cl
karincorrea@hotmail.com
mjbayelle@dimak.cl
andrea.pichara@yahoo.com.ar
casonahaiti@gmail.com
areyes@cdr.cl
casanorte2@gmail.com
reservas@burbujasclub.cl
cafedelpatio@hotmail.com
carlosperez@delicias.cl
masdental.prosalud@gmail.com
alarcon.bi@gmail.com
agicolacymltda@tie.cl
agrsanmiguel@surnet.cl
andimex@entelchile.net
box@proyexion.cl
cmerchan@cadem-merchandising.cl
difer.ltda@gmail.com
fdonoso@los-almendros.cl
info@humannet.cl
ingesat@ingesat-sa.cl
j.y.c@adsl.tie.cl
joyarce@la-libertad.cl
juliofarias@kopyartegmial.com
las_acacias@entelchile.net
libreria@reyser.cl
margandoa@ventec.cl
proyectos@bottijameson.cl
relascondes@belenus.cl
tecnoelectrica@tecnoelectrica.cl
nunezjorge.lazcano@quillota.cl
a.abarca@textillasamericas.cl
a.aceituno@saatseguridad.cl
a.acevedo@consultores-ac.cl
a.acevedo@schreder.cl
a.acevedov@experticia.cl
a.adaros@totaltel.cl
a.administracion@mcichile.cl
a.adunatecid@aguascotti.cl
a.aertigas@hmryciaabogados.cl
a.aguayo@pullmandelnorte.cl
a.agudelo@termovent.cl
a.aguilera.dos@tie.cl
a.aguilera@besthouse.cl
a.aguilera@eurotur.cl
a.aguilera@transportesanagustin.cl
a.alabarce@solinmec.cl
a.alarcon@avlabogados.cl
a.alarcon@hifima.cl
a.albornoz@belsport.cl
a.albornoz@siclima.cl
a.alcaino@tronadorspa.cl
a.alcayaga@nenzi.cl
a.alfaro@emelras.cl
a.allende@had.cl
a.allendes@mecom.cl
a.almarza@lostroncoshotel.cl
a.almonacid@datasystems.cl
a.alonso@gino.cl
a.alvarado@municipalidadohiggins.cl
a.alvarez@ingl.cl
a.anabalon@civen.cl
a.ananias@patagonianwoods.cl
a.andahur@elecmatic.cl
a.andrades@sensortec.cl
a.apablaza@abacoconsultores.cl
a.apablaza@sustentaltda.cl
a.aqueveque@aluminiosaqueveque.cl
a.araos@ecosa.cl
a.aravena@nuevoflash.cl
a.araya@apuntoa.cl
a.araya@goren.cl
a.araya@vimaroni.cl
a.armijo@dpce.cl
a.arriagada@geociclos.cl
a.arzola@servicioscom.cl
a.avalos@omys.cl
a.avila@ferrital.cl
a.avila@neohaus.cl
a.badillo@olmosmed.cl
a.baeza@oblicuo.cl
a.balbontin@teatromarket.cl
a.balcarce@recabarren.cl
a.balkenhol@puertored.cl
a.barros@elsauquito.cl
a.barros@norglas.cl
a.bedoya@transacero.cl
a.beltran@starchile.cl
a.bergman@aguadulcesa.cl
a.bermudez@transportesbermudez.cl
a.berrios@inconor.cl
a.bertonati@portalview.cl
a.bone@alphakine.cl
a.bowncuello@cauchoval.cl
a.bravo@harting.cl
a.brito@kersting.cl
a.caceres@arcotex.cl
a.callejas@sulfanor.cl
a.campos@guevara.necochea.cl
a.carmona@cuerosconac.cl
a.carreno@mygsa.cl
a.castaneda@beba.cl
a.castillo@dolcepaladar.cl
a.castillo@gendarmeria.cl
a.castillo@ug.uchile.cl
a.castro@glasstsh.cl
a.catalan@ccatalan.cl
a.ceballos@vemaschile.cl
a.chamy@copeval.cl
a.chaparro@ancestrosdelpacifico.cl
a.cid@acfenergia.cl
a.cid@lifeware.cl
a.cincrex@terra.cl
a.cisternas@alchemsa.tie.cl
a.cisternas@infucop.cl
a.cisternas@pinturasautomotricescyc.cl
a.cobertura@friosa.cl
a.cofre@plaenge.cl
a.coloane@serco-shop.cl
a.color@terra.cl
a.contador@sbchile.cl
a.contreras@maderas.cl
a.contreras@mitsubishi.cl
a.contreras@venergia.cl
a.cornejo@chilemat.cl
a.cornejo@cox.cl
a.cortes@electromecanicaacb.cl
a.cortes@jps.cl
a.crisostomo@donpetrolero.cl
a.cruzat@cruzatingenieria.cl
a.cuadra@konfirmado.cl
a.cutino@vay.cl
a.delafuente@losalmendros.cl
a.delafuente@volterra.cl
a.diaz@biodyd.cl
a.diaz@frutonchile.cl
a.diaz@mallplaza.cl
a.diaz@plasticosdelpacifico.cl
a.dittborn@bernarda.cl
a.djaber@smm.cl
a.donoso@sovietik.cl
a.echegaray@glasstech.cl
a.espronceda@dpcontrol.cl
a.estrada@creplasse.cl
a.exposito@asesoriasanmiguel.cl
a.farias@vilasmotor.cl
a.fernandez@constructorasanignacio.cl
a.figueroa@dhelos.cl
a.flores@tecnologica.cl
a.foitzick@mandalayresources.cl
a.francia@123.cl
a.franco@teamcar.cl
a.frias@valgestaconsultores.cl
a.fuentes@syaambiental.cl
a.fuentes@transve.cl
a.fuenzalida@constructorarucahue.cl
a.gajardo@seguridadayg.cl
a.gallardo@accuratek.cl
a.gallardo@jardinnuestros.cl
a.gallardo@tragal.cl
a.gallardoa@123.cl
